sku,url,price,shipping_price,quantity,shipping_days,supplier,variation,errors
angels71452,https://www.ebay.com/itm/354894726793,0,0,0,0days,{listing off},false,[]
angels71453,https://www.ebay.com/itm/394723940932,0,0,0,0days,{listing off},false,[]
angels71454,https://www.ebay.com/itm/275977254069,7.5,0.0,514,5days,MaxWarehouse_Store,false,[]
angels71455,https://www.ebay.com/itm/124763365973,17.86,0.0,4,7days,anglerdistrictusa,false,[]
angels71456,https://www.ebay.com/itm/165068163313,5.0,5.0,4,8days,WildHareFinds,false,[]
angels71457,https://www.ebay.com/itm/234962908013,0,0,0,0days,{listing off},false,[]
angels71458,https://www.ebay.com/itm/255844380167,17.5,8.79,135,9days,DK Hardware Supply,false,[]
angels71459,https://www.ebay.com/itm/266006682231,17.12,8.79,77,9days,DK Hardware Supply,false,[]
angels71460,https://www.ebay.com/itm/335028001986,5.0,0.0,80,4days,Electrical$urplus,false,[]
angels71461,https://www.ebay.com/itm/354894738484,0,0,0,0days,{listing off},false,[]
angels71462,https://www.ebay.com/itm/256173624081,1.95,4.5,17,6days,hughnile,false,[]
angels71463,https://www.ebay.com/itm/225770188589,1.99,0.0,168,8days,digga12677dpw3,false,[]
angels71464,https://www.ebay.com/itm/333325738734,7.95,0.0,3,6days,BeckysBargainBarnOnline,false,[]
angels71465,https://www.ebay.com/itm/235078202377,0,0,0,0days,{listing off},false,[]
angels71466,https://www.ebay.com/itm/354894738266,0,0,0,0days,{listing off},false,[]
angels71467,https://www.ebay.com/itm/394723953197,0,0,0,0days,{listing off},false,[]
angels71468,https://www.ebay.com/itm/256211729218,9.99,0.0,5,7days,Barnett's Bargain Center,false,[]
angels71469,https://www.ebay.com/itm/325369865247,36.79,0.0,75,7days,championtvsales,false,[]
angels71470,https://www.ebay.com/itm/166351052139,0,0,0,0days,{listing off},false,[]
angels71471,https://www.ebay.com/itm/234321099866,0,0,0,0days,{listing off},false,[]
angels71472,https://www.ebay.com/itm/334988298972,8.19,5.0,100,4days,Zoro Tools,false,[]
angels71473,https://www.ebay.com/itm/354894725771,0,0,0,0days,{listing off},false,[]
angels71474,https://www.ebay.com/itm/394723941114,0,0,0,0days,{listing off},false,[]
angels71475,https://www.ebay.com/itm/126020470405,0,0,0,0days,{listing off},false,[]
angels71476,https://www.ebay.com/itm/322806967871,2.84,15.12,69,5days,MGT Diversified Solutions,false,[]
angels71477,https://www.ebay.com/itm/335178519841,0,0,0,0days,{listing off},false,[]
angels71478,https://www.ebay.com/itm/335059982619,0,0,0,0days,{listing off},false,[]
angels71479,https://www.ebay.com/itm/385824221169,3.15,5.0,100,4days,Zoro Tools,false,[]
angels71480,https://www.ebay.com/itm/333896319183,5.25,5.0,100,4days,Zoro Tools,false,[]
angels71481,https://www.ebay.com/itm/225974278180,5.95,5.0,100,4days,Zoro Tools,false,[]
angels71482,https://www.ebay.com/itm/225838838597,6.95,5.0,100,6days,Zoro Tools,false,[]
angels71483,https://www.ebay.com/itm/225314405631,7.95,5.0,100,4days,Zoro Tools,false,[]
angels71484,https://www.ebay.com/itm/252415903024,49.99,0.0,16,6days,Worx,false,[]
angels71485,https://www.ebay.com/itm/225849895056,8.59,5.0,100,4days,Zoro Tools,false,[]
angels71486,https://www.ebay.com/itm/386614815907,8.89,5.0,1,4days,Zoro Tools,false,[]
angels71487,https://www.ebay.com/itm/386294150137,9.25,5.0,37,4days,Zoro Tools,false,[]
angels71488,https://www.ebay.com/itm/335158028187,0,0,0,0days,{listing off},false,[]
angels71489,https://www.ebay.com/itm/335168039424,3.25,5.0,100,4days,Zoro Tools,false,[]
angels71490,https://www.ebay.com/itm/386761113042,8.75,5.0,78,4days,Zoro Tools,false,[]
angels71491,https://www.ebay.com/itm/386624810378,8.19,5.0,100,4days,Zoro Tools,false,[]
angels71492,https://www.ebay.com/itm/225911802603,5.79,5.0,100,4days,Zoro Tools,false,[]
angels71493,https://www.ebay.com/itm/335205318813,5.45,5.0,100,9days,Zoro Tools,false,[]
angels71494,https://www.ebay.com/itm/386606396938,5.15,5.0,79,4days,Zoro Tools,false,[]
angels71495,https://www.ebay.com/itm/334872546664,10.65,5.0,51,4days,Zoro Tools,false,[]
angels71496,https://www.ebay.com/itm/333897268131,10.99,5.0,100,4days,Zoro Tools,false,[]
angels71497,https://www.ebay.com/itm/386124969935,0,0,0,0days,{listing off},false,[]
angels71498,https://www.ebay.com/itm/385144691418,0,0,0,0days,{listing off},false,[]
angels71499,https://www.ebay.com/itm/335266083696,8.99,5.0,51,8days,Zoro Tools,false,[]
angels71500,https://www.ebay.com/itm/335266083696,8.99,5.0,51,8days,Zoro Tools,false,[]
angels71501,https://www.ebay.com/itm/335250469552,10.85,5.0,13,4days,Zoro Tools,false,[]
angels71502,https://www.ebay.com/itm/386549825882,9.99,5.0,69,4days,Zoro Tools,false,[]
angels71503,https://www.ebay.com/itm/384393202745,10.45,5.0,100,4days,Zoro Tools,false,[]
angels71504,https://www.ebay.com/itm/386614847876,10.19,5.0,100,4days,Zoro Tools,false,[]
angels71505,https://www.ebay.com/itm/335203744103,9.95,5.0,100,4days,Zoro Tools,false,[]
angels71506,https://www.ebay.com/itm/225964157460,11.99,5.0,100,4days,Zoro Tools,false,[]
angels71507,https://www.ebay.com/itm/385950237431,10.69,5.0,100,4days,Zoro Tools,false,[]
angels71508,https://www.ebay.com/itm/385950237431,10.69,5.0,100,4days,Zoro Tools,false,[]
angels71509,https://www.ebay.com/itm/386785704648,0,0,0,0days,{listing off},false,[]
angels71510,https://www.ebay.com/itm/224359299164,9.95,5.0,100,5days,Zoro Tools,false,[]
angels71511,https://www.ebay.com/itm/335088300952,10.49,5.0,100,4days,Zoro Tools,false,[]
angels71512,https://www.ebay.com/itm/335088300952,10.49,5.0,100,4days,Zoro Tools,false,[]
angels71513,https://www.ebay.com/itm/335088300952,10.49,5.0,100,4days,Zoro Tools,false,[]
angels71514,https://www.ebay.com/itm/386484012712,10.89,5.0,100,4days,Zoro Tools,false,[]
angels71515,https://www.ebay.com/itm/386614813998,11.75,5.0,91,4days,Zoro Tools,false,[]
angels71516,https://www.ebay.com/itm/386114496477,0,0,0,0days,{listing off},false,[]
angels71517,https://www.ebay.com/itm/386114496477,0,0,0,0days,{listing off},false,[]
angels71518,https://www.ebay.com/itm/386114496477,0,0,0,0days,{listing off},false,[]
angels71519,https://www.ebay.com/itm/386633772311,10.29,5.0,82,4days,Zoro Tools,false,[]
angels71520,https://www.ebay.com/itm/386099001533,0,0,0,0days,{listing off},false,[]
angels71521,https://www.ebay.com/itm/385822284125,10.39,5.0,100,4days,Zoro Tools,false,[]
angels71522,https://www.ebay.com/itm/386156073494,11.25,5.0,100,4days,Zoro Tools,false,[]
angels71523,https://www.ebay.com/itm/225867942477,11.09,5.0,100,4days,Zoro Tools,false,[]
angels71524,https://www.ebay.com/itm/225953360899,10.29,5.0,44,4days,Zoro Tools,false,[]
angels71525,https://www.ebay.com/itm/386592914538,11.75,5.0,100,5days,Zoro Tools,false,[]
angels71526,https://www.ebay.com/itm/335218714889,0,0,0,0days,{listing off},false,[]
angels71527,https://www.ebay.com/itm/333850598257,11.75,5.0,75,4days,Zoro Tools,false,[]
angels71528,https://www.ebay.com/itm/386468411409,11.69,5.0,100,4days,Zoro Tools,false,[]
angels71529,https://www.ebay.com/itm/354442728934,12.0,0.0,6,6days,Partscontainer,false,[]
angels71530,https://www.ebay.com/itm/264820292569,0,0,0,0days,{listing off},false,[]
angels71531,https://www.ebay.com/itm/314387823824,0,0,0,0days,{listing off},false,[]
angels71532,https://www.ebay.com/itm/266153324824,0,0,0,0days,{listing off},false,[]
angels71533,https://www.ebay.com/itm/266154197457,0,0,0,0days,{listing off},false,[]
angels71534,https://www.ebay.com/itm/266154184063,18.99,0.0,4,6days,Zeitlin Industrial Supply,false,[]
angels71535,https://www.ebay.com/itm/266332801179,10.99,0.0,10,4days,Zeitlin Industrial Supply,false,[]
angels71536,https://www.ebay.com/itm/304763503139,8.44,0.0,22,5days,Jenco Wholesale,false,[]
angels71537,https://www.ebay.com/itm/304763442487,8.44,0.0,85,5days,Jenco Wholesale,false,[]
angels71538,https://www.ebay.com/itm/304763331944,8.44,0.0,100,5days,Jenco Wholesale,false,[]
angels71539,https://www.ebay.com/itm/304763331828,0,0,0,0days,{listing off},false,[]
angels71540,https://www.ebay.com/itm/304763331828,0,0,0,0days,{listing off},false,[]
angels71541,https://www.ebay.com/itm/304768617561,16.68,0.0,8,5days,Jenco Wholesale,false,[]
angels71542,https://www.ebay.com/itm/284857065518,10.99,6.49,5,5days,Acme Tools,false,[]
angels71543,https://www.ebay.com/itm/295479451436,14.99,6.49,6,5days,Acme Tools,false,[]
angels71544,https://www.ebay.com/itm/275855414311,0,0,0,0days,{listing off},false,[]
angels71545,https://www.ebay.com/itm/295509062482,9.99,6.49,357,5days,Acme Tools,false,[]
angels71546,https://www.ebay.com/itm/295515509930,19.99,6.49,285,7days,Acme Tools,false,[]
angels71547,https://www.ebay.com/itm/335203805990,9.15,5.0,100,4days,Zoro Tools,false,[]
angels71548,https://www.ebay.com/itm/335203782611,9.79,5.0,100,4days,Zoro Tools,false,[]
angels71549,https://www.ebay.com/itm/386209240720,9.39,5.0,21,4days,Zoro Tools,false,[]
angels71550,https://www.ebay.com/itm/335215519649,9.39,5.0,100,4days,Zoro Tools,false,[]
angels71551,https://www.ebay.com/itm/225242559149,9.49,5.0,61,4days,Zoro Tools,false,[]
angels71552,https://www.ebay.com/itm/386101074758,9.05,5.0,47,4days,Zoro Tools,false,[]
angels71553,https://www.ebay.com/itm/225954736375,8.49,5.0,100,4days,Zoro Tools,false,[]
angels71554,https://www.ebay.com/itm/224884599268,0,0,0,0days,{listing off},false,[]
angels71555,https://www.ebay.com/itm/224884599268,0,0,0,0days,{listing off},false,[]
angels71556,https://www.ebay.com/itm/224884599268,0,0,0,0days,{listing off},false,[]
angels71557,https://www.ebay.com/itm/335124245684,9.15,5.0,100,4days,Zoro Tools,false,[]
angels71558,https://www.ebay.com/itm/385700672534,8.99,5.0,19,4days,Zoro Tools,false,[]
angels71559,https://www.ebay.com/itm/226007258686,0,0,0,0days,{listing off},false,[]
angels71560,https://www.ebay.com/itm/225760661605,10.19,5.0,43,4days,Zoro Tools,false,[]
angels71561,https://www.ebay.com/itm/225841143713,0,0,0,0days,{listing off},false,[]
angels71562,https://www.ebay.com/itm/386596337475,8.89,5.0,84,4days,Zoro Tools,false,[]
angels71563,https://www.ebay.com/itm/385106582858,11.05,5.0,100,4days,Zoro Tools,false,[]
angels71564,https://www.ebay.com/itm/386098779277,0,0,0,0days,{listing off},false,[]
angels71565,https://www.ebay.com/itm/334948378861,10.69,5.0,100,4days,Zoro Tools,false,[]
angels71566,https://www.ebay.com/itm/225948534458,10.29,5.0,100,4days,Zoro Tools,false,[]
angels71567,https://www.ebay.com/itm/386647215920,10.55,5.0,100,4days,Zoro Tools,false,[]
angels71568,https://www.ebay.com/itm/335203854311,10.05,5.0,100,6days,Zoro Tools,false,[]
angels71569,https://www.ebay.com/itm/335170926621,10.39,5.0,74,4days,Zoro Tools,false,[]
angels71570,https://www.ebay.com/itm/335212389596,11.97,5.0,100,4days,Zoro Tools,false,[]
angels71571,https://www.ebay.com/itm/335174058218,10.29,5.0,100,4days,Zoro Tools,false,[]
angels71572,https://www.ebay.com/itm/386471604355,10.19,5.0,75,4days,Zoro Tools,false,[]
angels71573,https://www.ebay.com/itm/335175455470,10.25,5.0,56,4days,Zoro Tools,false,[]
angels71574,https://www.ebay.com/itm/386285102756,10.69,5.0,6,4days,Zoro Tools,false,[]
angels71575,https://www.ebay.com/itm/384747229794,0,0,0,0days,{listing off},false,[]
angels71576,https://www.ebay.com/itm/384747229794,0,0,0,0days,{listing off},false,[]
angels71577,https://www.ebay.com/itm/386802905337,9.49,5.0,100,4days,Zoro Tools,false,[]
angels71578,https://www.ebay.com/itm/386606850923,9.65,5.0,100,4days,Zoro Tools,false,[]
angels71579,https://www.ebay.com/itm/386242847595,0,0,0,0days,{listing off},false,[]
angels71580,https://www.ebay.com/itm/225823833438,0,0,0,0days,{listing off},false,[]
angels71581,https://www.ebay.com/itm/225953817115,10.49,5.0,100,4days,Zoro Tools,false,[]
angels71582,https://www.ebay.com/itm/225928492335,0,0,0,0days,{listing off},false,[]
angels71583,https://www.ebay.com/itm/225928492335,0,0,0,0days,{listing off},false,[]
angels71584,https://www.ebay.com/itm/225953817215,10.59,5.0,100,4days,Zoro Tools,false,[]
angels71585,https://www.ebay.com/itm/335215486523,9.97,5.0,100,8days,Zoro Tools,false,[]
angels71586,https://www.ebay.com/itm/335212402973,10.79,5.0,100,4days,Zoro Tools,false,[]
angels71587,https://www.ebay.com/itm/335203799542,10.25,5.0,100,4days,Zoro Tools,false,[]
angels71588,https://www.ebay.com/itm/385786332121,0,0,0,0days,{listing off},false,[]
angels71589,https://www.ebay.com/itm/385786332121,0,0,0,0days,{listing off},false,[]
angels71590,https://www.ebay.com/itm/335203815690,10.49,5.0,100,4days,Zoro Tools,false,[]
angels71591,https://www.ebay.com/itm/335203815690,10.49,5.0,100,4days,Zoro Tools,false,[]
angels71592,https://www.ebay.com/itm/225953340537,8.95,5.0,100,4days,Zoro Tools,false,[]
angels71593,https://www.ebay.com/itm/335205313658,10.45,5.0,100,4days,Zoro Tools,false,[]
angels71594,https://www.ebay.com/itm/335205313658,10.45,5.0,100,4days,Zoro Tools,false,[]
angels71595,https://www.ebay.com/itm/335205313658,10.45,5.0,100,4days,Zoro Tools,false,[]
angels71596,https://www.ebay.com/itm/386606726377,8.94,5.0,100,4days,Zoro Tools,false,[]
angels71597,https://www.ebay.com/itm/386606468496,9.99,5.0,100,4days,Zoro Tools,false,[]
angels71598,https://www.ebay.com/itm/386098851964,0,0,0,0days,{listing off},false,[]
angels71599,https://www.ebay.com/itm/386751400065,3.99,5.0,100,9days,Zoro Tools,false,[]
angels71600,https://www.ebay.com/itm/386751400188,3.99,5.0,42,4days,Zoro Tools,false,[]
angels71601,https://www.ebay.com/itm/386606396885,5.29,5.0,100,4days,Zoro Tools,false,[]
angels71602,https://www.ebay.com/itm/225953229591,0,0,0,0days,{listing off},false,[]
angels71603,https://www.ebay.com/itm/385918956117,5.29,5.0,100,4days,Zoro Tools,false,[]
angels71604,https://www.ebay.com/itm/386627980287,5.29,5.0,100,4days,Zoro Tools,false,[]
angels71605,https://www.ebay.com/itm/335114749820,0,0,0,0days,{listing off},false,[]
angels71606,https://www.ebay.com/itm/386486146656,0,0,0,0days,{listing off},false,[]
angels71607,https://www.ebay.com/itm/225714352083,0,0,0,0days,{listing off},false,[]
angels71608,https://www.ebay.com/itm/225714352083,0,0,0,0days,{listing off},false,[]
angels71609,https://www.ebay.com/itm/335021775510,0,0,0,0days,{listing off},false,[]
angels71610,https://www.ebay.com/itm/226017182624,10.75,5.0,99,4days,Zoro Tools,false,[]
angels71611,https://www.ebay.com/itm/335271830037,10.89,5.0,100,4days,Zoro Tools,false,[]
angels71612,https://www.ebay.com/itm/386325631644,10.95,5.0,100,4days,Zoro Tools,false,[]
angels71613,https://www.ebay.com/itm/225942699540,10.89,5.0,100,4days,Zoro Tools,false,[]
angels71614,https://www.ebay.com/itm/384644074169,12.05,5.0,100,5days,Zoro Tools,false,[]
angels71615,https://www.ebay.com/itm/225954773633,11.0,5.0,100,6days,Zoro Tools,false,[]
angels71616,https://www.ebay.com/itm/383969172155,10.99,5.0,100,6days,Zoro Tools,false,[]
angels71617,https://www.ebay.com/itm/225770189755,10.35,5.0,100,4days,Zoro Tools,false,[]
angels71618,https://www.ebay.com/itm/225770189755,10.35,5.0,100,4days,Zoro Tools,false,[]
angels71619,https://www.ebay.com/itm/386606304443,8.79,5.0,100,4days,Zoro Tools,false,[]
angels71620,https://www.ebay.com/itm/335200461293,9.25,5.0,100,4days,Zoro Tools,false,[]
angels71621,https://www.ebay.com/itm/225953229707,8.79,5.0,100,4days,Zoro Tools,false,[]
angels71622,https://www.ebay.com/itm/386599510005,8.79,5.0,100,4days,Zoro Tools,false,[]
angels71623,https://www.ebay.com/itm/335174052348,9.19,5.0,81,4days,Zoro Tools,false,[]
angels71624,https://www.ebay.com/itm/386236221386,0,0,0,0days,{listing off},false,[]
angels71625,https://www.ebay.com/itm/386153711088,0,0,0,0days,{listing off},false,[]
angels71626,https://www.ebay.com/itm/225932209675,8.15,5.0,100,4days,Zoro Tools,false,[]
angels71627,https://www.ebay.com/itm/225876748310,7.75,5.0,100,4days,Zoro Tools,false,[]
angels71628,https://www.ebay.com/itm/225954750155,9.35,5.0,100,4days,Zoro Tools,false,[]
angels71629,https://www.ebay.com/itm/386599509161,7.95,5.0,100,4days,Zoro Tools,false,[]
angels71630,https://www.ebay.com/itm/225924832842,7.95,5.0,100,4days,Zoro Tools,false,[]
angels71631,https://www.ebay.com/itm/225961957733,7.95,5.0,100,4days,Zoro Tools,false,[]
angels71632,https://www.ebay.com/itm/225961957665,0,0,0,0days,{listing off},false,[]
angels71633,https://www.ebay.com/itm/386713439306,7.99,5.0,100,4days,Zoro Tools,false,[]
angels71634,https://www.ebay.com/itm/225961962220,7.19,5.0,100,4days,Zoro Tools,false,[]
angels71635,https://www.ebay.com/itm/225953817258,0,0,0,0days,{listing off},false,[]
angels71636,https://www.ebay.com/itm/334954737941,12.29,5.0,100,5days,Zoro Tools,false,[]
angels71637,https://www.ebay.com/itm/334954737941,12.29,5.0,100,5days,Zoro Tools,false,[]
angels71638,https://www.ebay.com/itm/334954737941,12.29,5.0,100,5days,Zoro Tools,false,[]
angels71639,https://www.ebay.com/itm/334954737941,12.29,5.0,100,5days,Zoro Tools,false,[]
angels71640,https://www.ebay.com/itm/334954737941,12.29,5.0,100,5days,Zoro Tools,false,[]
angels71641,https://www.ebay.com/itm/335192009399,10.15,5.0,100,4days,Zoro Tools,false,[]
angels71642,https://www.ebay.com/itm/335212402634,10.79,5.0,100,4days,Zoro Tools,false,[]
angels71643,https://www.ebay.com/itm/386614814470,11.99,5.0,100,4days,Zoro Tools,false,[]
angels71644,https://www.ebay.com/itm/386614814470,11.99,5.0,100,4days,Zoro Tools,false,[]
angels71645,https://www.ebay.com/itm/225858356721,0,0,0,0days,{listing off},false,[]
angels71646,https://www.ebay.com/itm/386606772366,11.95,5.0,100,4days,Zoro Tools,false,[]
angels71647,https://www.ebay.com/itm/386606772366,11.95,5.0,100,4days,Zoro Tools,false,[]
angels71648,https://www.ebay.com/itm/386606772366,11.95,5.0,100,4days,Zoro Tools,false,[]
angels71649,https://www.ebay.com/itm/225953306830,10.99,5.0,100,4days,Zoro Tools,false,[]
angels71650,https://www.ebay.com/itm/226018948396,12.49,5.0,100,4days,Zoro Tools,false,[]
angels71651,https://www.ebay.com/itm/335203826416,10.99,5.0,100,4days,Zoro Tools,false,[]
angels71652,https://www.ebay.com/itm/335203826416,10.99,5.0,100,4days,Zoro Tools,false,[]
angels71653,https://www.ebay.com/itm/335203826416,10.99,5.0,100,4days,Zoro Tools,false,[]
angels71654,https://www.ebay.com/itm/225961953350,0,0,0,0days,{listing off},false,[]
angels71655,https://www.ebay.com/itm/225954773163,10.55,5.0,98,4days,Zoro Tools,false,[]
angels71656,https://www.ebay.com/itm/225954773163,10.55,5.0,98,4days,Zoro Tools,false,[]
angels71657,https://www.ebay.com/itm/384323296904,10.55,5.0,100,5days,Zoro Tools,false,[]
angels71658,https://www.ebay.com/itm/335081966973,12.19,5.0,29,4days,Zoro Tools,false,[]
angels71659,https://www.ebay.com/itm/335232865208,12.15,5.0,28,4days,Zoro Tools,false,[]
angels71660,https://www.ebay.com/itm/335175459189,0,0,0,0days,{listing off},false,[]
angels71661,https://www.ebay.com/itm/335018654607,0,0,0,0days,{listing off},false,[]
angels71662,https://www.ebay.com/itm/335086122862,0,0,0,0days,{listing off},false,[]
angels71663,https://www.ebay.com/itm/386640260302,11.89,5.0,50,4days,Zoro Tools,false,[]
angels71664,https://www.ebay.com/itm/386640260302,11.89,5.0,50,4days,Zoro Tools,false,[]
angels71665,https://www.ebay.com/itm/386647285842,12.85,5.0,100,4days,Zoro Tools,false,[]
angels71673,https://www.ebay.com/itm/386226828835,0,0,0,0days,{listing off},false,[]
angels71674,https://www.ebay.com/itm/225761116389,0,0,0,0days,{listing off},false,[]
angels71675,https://www.ebay.com/itm/386264554803,7.99,5.0,93,4days,Zoro Tools,false,[]
angels71676,https://www.ebay.com/itm/224360543808,7.19,5.0,100,4days,Zoro Tools,false,[]
angels71677,https://www.ebay.com/itm/334920851724,4.35,5.0,100,9days,Zoro Tools,false,[]
angels71678,https://www.ebay.com/itm/225876748328,4.54,5.0,69,4days,Zoro Tools,false,[]
angels71679,https://www.ebay.com/itm/225876748341,4.49,5.0,100,4days,Zoro Tools,false,[]
angels71680,https://www.ebay.com/itm/335174068271,5.35,5.0,52,4days,Zoro Tools,false,[]
angels71681,https://www.ebay.com/itm/225659335183,4.89,5.0,100,4days,Zoro Tools,false,[]
angels71682,https://www.ebay.com/itm/335243160926,4.95,5.0,83,4days,Zoro Tools,false,[]
angels71683,https://www.ebay.com/itm/225795661297,0,0,0,0days,{listing off},false,[]
angels71684,https://www.ebay.com/itm/386654293389,9.85,5.0,100,4days,Zoro Tools,false,[]
angels71685,https://www.ebay.com/itm/225963377645,9.19,5.0,100,4days,Zoro Tools,false,[]
angels71686,https://www.ebay.com/itm/335212406686,8.89,5.0,66,4days,Zoro Tools,false,[]
angels71687,https://www.ebay.com/itm/386647315016,9.95,5.0,76,4days,Zoro Tools,false,[]
angels71688,https://www.ebay.com/itm/225895060632,9.45,5.0,91,4days,Zoro Tools,false,[]
angels71689,https://www.ebay.com/itm/335232864520,8.55,5.0,88,4days,Zoro Tools,false,[]
angels71690,https://www.ebay.com/itm/335208091500,9.09,5.0,85,4days,Zoro Tools,false,[]
angels71691,https://www.ebay.com/itm/225876748370,9.54,5.0,100,4days,Zoro Tools,false,[]
angels71692,https://www.ebay.com/itm/386291167634,9.85,5.0,27,4days,Zoro Tools,false,[]
angels71693,https://www.ebay.com/itm/225814411776,0,0,0,0days,{listing off},false,[]
angels71694,https://www.ebay.com/itm/225839643116,0,0,0,0days,{listing off},false,[]
angels71695,https://www.ebay.com/itm/225953344689,5.59,5.0,100,4days,Zoro Tools,false,[]
angels71696,https://www.ebay.com/itm/386465333001,6.15,5.0,100,4days,Zoro Tools,false,[]
angels71697,https://www.ebay.com/itm/386738357234,4.69,5.0,100,4days,Zoro Tools,false,[]
angels71698,https://www.ebay.com/itm/385752191231,0,0,0,0days,{listing off},false,[]
angels71699,https://www.ebay.com/itm/335103427093,0,0,0,0days,{listing off},false,[]
angels71700,https://www.ebay.com/itm/335184867228,9.99,5.0,100,4days,Zoro Tools,false,[]
angels71701,https://www.ebay.com/itm/386585488255,11.19,5.0,100,4days,Zoro Tools,false,[]
angels71702,https://www.ebay.com/itm/386668216641,10.59,5.0,100,4days,Zoro Tools,false,[]
angels71703,https://www.ebay.com/itm/225953320499,6.59,5.0,100,4days,Zoro Tools,false,[]
angels71704,https://www.ebay.com/itm/335254723133,10.65,5.0,100,4days,Zoro Tools,false,[]
angels71705,https://www.ebay.com/itm/335228381011,9.89,5.0,100,4days,Zoro Tools,false,[]
angels71706,https://www.ebay.com/itm/225928480166,10.75,5.0,100,4days,Zoro Tools,false,[]
angels71707,https://www.ebay.com/itm/386264555074,10.79,5.0,100,6days,Zoro Tools,false,[]
angels71708,https://www.ebay.com/itm/386731615014,11.45,5.0,100,4days,Zoro Tools,false,[]
angels71709,https://www.ebay.com/itm/225837818843,11.35,5.0,100,4days,Zoro Tools,false,[]
angels71710,https://www.ebay.com/itm/386741348625,0,0,0,0days,{listing off},false,[]
angels71711,https://www.ebay.com/itm/224748986867,9.65,5.0,100,4days,Zoro Tools,false,[]
angels71712,https://www.ebay.com/itm/225996919662,0,0,0,0days,{listing off},false,[]
angels71713,https://www.ebay.com/itm/225978278439,8.99,5.0,44,4days,Zoro Tools,false,[]
angels71714,https://www.ebay.com/itm/225701509989,9.39,5.0,21,4days,Zoro Tools,false,[]
angels71715,https://www.ebay.com/itm/335189145867,10.19,5.0,36,4days,Zoro Tools,false,[]
angels71716,https://www.ebay.com/itm/384913514340,11.79,5.0,100,4days,Zoro Tools,false,[]
angels71717,https://www.ebay.com/itm/385998698992,10.35,5.0,78,4days,Zoro Tools,false,[]
angels71718,https://www.ebay.com/itm/386226839422,0,0,0,0days,{listing off},false,[]
angels71719,https://www.ebay.com/itm/333896414640,0,0,0,0days,{listing off},false,[]
angels71720,https://www.ebay.com/itm/386464982982,7.39,5.0,100,4days,Zoro Tools,false,[]
angels71721,https://www.ebay.com/itm/225944190544,0,0,0,0days,{listing off},false,[]
angels71722,https://www.ebay.com/itm/225961972375,9.95,5.0,100,4days,Zoro Tools,false,[]
angels71723,https://www.ebay.com/itm/386098940612,10.99,5.0,70,4days,Zoro Tools,false,[]
angels71724,https://www.ebay.com/itm/225979726135,0,0,0,0days,{listing off},false,[]
angels71725,https://www.ebay.com/itm/335101888192,0,0,0,0days,{listing off},false,[]
angels71726,https://www.ebay.com/itm/225860373440,0,0,0,0days,{listing off},false,[]
angels71727,https://www.ebay.com/itm/385611884704,8.05,5.0,100,4days,Zoro Tools,false,[]
angels71728,https://www.ebay.com/itm/383891859004,10.89,5.0,100,5days,Zoro Tools,false,[]
angels71729,https://www.ebay.com/itm/225954773293,11.09,5.0,100,4days,Zoro Tools,false,[]
angels71730,https://www.ebay.com/itm/335205313533,11.69,5.0,16,4days,Zoro Tools,false,[]
angels71731,https://www.ebay.com/itm/335142037521,11.39,5.0,100,4days,Zoro Tools,false,[]
angels71732,https://www.ebay.com/itm/225953344440,11.15,5.0,100,4days,Zoro Tools,false,[]
angels71733,https://www.ebay.com/itm/386484012611,10.59,5.0,100,4days,Zoro Tools,false,[]
angels71734,https://www.ebay.com/itm/225840549786,0,0,0,0days,{listing off},false,[]
angels71735,https://www.ebay.com/itm/335203790938,11.19,5.0,18,4days,Zoro Tools,false,[]
angels71736,https://www.ebay.com/itm/386627950763,11.29,5.0,100,4days,Zoro Tools,false,[]
angels71737,https://www.ebay.com/itm/386668216837,11.35,5.0,100,4days,Zoro Tools,false,[]
angels71738,https://www.ebay.com/itm/335212406370,10.99,5.0,73,4days,Zoro Tools,false,[]
angels71739,https://www.ebay.com/itm/335042013141,0,0,0,0days,{listing off},false,[]
angels71740,https://www.ebay.com/itm/335098708775,0,0,0,0days,{listing off},false,[]
angels71741,https://www.ebay.com/itm/335239937847,11.29,5.0,38,4days,Zoro Tools,false,[]
angels71742,https://www.ebay.com/itm/224939586938,10.99,5.0,17,4days,Zoro Tools,false,[]
angels71743,https://www.ebay.com/itm/386201941836,0,0,0,0days,{listing off},false,[]
angels71744,https://www.ebay.com/itm/225998244272,11.55,5.0,98,4days,Zoro Tools,false,[]
angels71745,https://www.ebay.com/itm/225975723188,10.99,5.0,100,4days,Zoro Tools,false,[]
angels71746,https://www.ebay.com/itm/333849429044,11.85,5.0,100,4days,Zoro Tools,false,[]
angels71747,https://www.ebay.com/itm/224307969430,12.45,5.0,100,4days,Zoro Tools,false,[]
angels71748,https://www.ebay.com/itm/384166739087,0,0,0,0days,{listing off},false,[]
angels71749,https://www.ebay.com/itm/386199479590,0,0,0,0days,{listing off},false,[]
angels71750,https://www.ebay.com/itm/386606771239,11.69,5.0,100,4days,Zoro Tools,false,[]
angels71751,https://www.ebay.com/itm/225996922453,11.59,5.0,14,4days,Zoro Tools,false,[]
angels71752,https://www.ebay.com/itm/386767973557,11.65,5.0,100,4days,Zoro Tools,false,[]
angels71753,https://www.ebay.com/itm/225928479732,0,0,0,0days,{listing off},false,[]
angels71754,https://www.ebay.com/itm/225928479760,0,0,0,0days,{listing off},false,[]
angels71755,https://www.ebay.com/itm/225961966503,11.75,5.0,100,4days,Zoro Tools,false,[]
angels71756,https://www.ebay.com/itm/225942681981,11.99,5.0,36,4days,Zoro Tools,false,[]
angels71757,https://www.ebay.com/itm/225953250749,11.95,5.0,100,8days,Zoro Tools,false,[]
angels71758,https://www.ebay.com/itm/335093077146,0,0,0,0days,{listing off},false,[]
angels71759,https://www.ebay.com/itm/386236221637,0,0,0,0days,{listing off},false,[]
angels71760,https://www.ebay.com/itm/275621225705,0,0,0,0days,{listing off},false,[]
angels71761,https://www.ebay.com/itm/334876004882,0,0,0,0days,{listing off},false,[]
angels71762,https://www.ebay.com/itm/393735001054,11.8,0.0,5,6days,SpeedySales715,false,[]
angels71763,https://www.ebay.com/itm/331707353987,23.15,0.0,1,6days,Electronic Inventory Online,false,[]
angels71767,https://www.ebay.com/itm/285033103930,48.3,0.0,28,6days,performancepartsracing,false,[]
angels71768,https://www.ebay.com/itm/174612156227,11.69,0.0,0,6days,SpeedySales715,false,[]
angels71769,https://www.ebay.com/itm/282097864045,21.95,8.5,14,5days,SST Industrial Solutions,false,[]
angels71770,https://www.ebay.com/itm/144795436511,19.4,0.0,10,7days,JB Tool Sales,false,[]
angels71776,https://www.ebay.com/itm/225710789749,9.29,5.0,77,6days,Zoro Tools,false,[]
angels71777,https://www.ebay.com/itm/386140128186,0,0,0,0days,{listing off},false,[]
angels71778,https://www.ebay.com/itm/225932198908,9.29,5.0,59,4days,Zoro Tools,false,[]
angels71779,https://www.ebay.com/itm/225690720229,0,0,0,0days,{listing off},false,[]
angels71780,https://www.ebay.com/itm/225984108091,10.85,5.0,9,4days,Zoro Tools,false,[]
angels71781,https://www.ebay.com/itm/225864411819,10.65,5.0,35,4days,Zoro Tools,false,[]
angels71782,https://www.ebay.com/itm/333896397788,10.35,5.0,100,4days,Zoro Tools,false,[]
angels71783,https://www.ebay.com/itm/335160265550,10.89,5.0,6,4days,Zoro Tools,false,[]
angels71784,https://www.ebay.com/itm/384393252051,10.29,5.0,100,4days,Zoro Tools,false,[]
angels71785,https://www.ebay.com/itm/386606302602,12.49,5.0,100,4days,Zoro Tools,false,[]
angels71786,https://www.ebay.com/itm/386371355446,11.99,5.0,100,4days,Zoro Tools,false,[]
angels71787,https://www.ebay.com/itm/386571266583,11.79,5.0,100,4days,Zoro Tools,false,[]
angels71788,https://www.ebay.com/itm/384277826003,14.99,5.0,81,4days,Zoro Tools,false,[]
angels71789,https://www.ebay.com/itm/225954789044,11.45,5.0,100,4days,Zoro Tools,false,[]
angels71790,https://www.ebay.com/itm/226002728882,9.49,5.0,100,4days,Zoro Tools,false,[]
angels71791,https://www.ebay.com/itm/335212407056,9.99,5.0,100,4days,Zoro Tools,false,[]
angels71792,https://www.ebay.com/itm/225956503857,10.55,5.0,40,4days,Zoro Tools,false,[]
angels71793,https://www.ebay.com/itm/225876748335,7.69,5.0,100,4days,Zoro Tools,false,[]
angels71794,https://www.ebay.com/itm/225876748118,11.39,5.0,48,4days,Zoro Tools,false,[]
angels71795,https://www.ebay.com/itm/335018212740,0,0,0,0days,{listing off},false,[]
angels71796,https://www.ebay.com/itm/232763119201,0,0,0,0days,{listing off},false,[]
angels71797,https://www.ebay.com/itm/233291549896,39.99,0.0,31,6days,Electronic Inventory Online,false,[]
angels71798,https://www.ebay.com/itm/333896310916,12.09,5.0,47,4days,Zoro Tools,false,[]
angels71799,https://www.ebay.com/itm/386471603364,11.35,5.0,46,4days,Zoro Tools,false,[]
angels71800,https://www.ebay.com/itm/335184866318,11.04,5.0,100,4days,Zoro Tools,false,[]
angels71801,https://www.ebay.com/itm/386614849374,11.27,5.0,100,4days,Zoro Tools,false,[]
angels71802,https://www.ebay.com/itm/386294149958,11.32,5.0,100,4days,Zoro Tools,false,[]
angels71803,https://www.ebay.com/itm/386647314822,10.25,5.0,100,4days,Zoro Tools,false,[]
angels71804,https://www.ebay.com/itm/225951525482,11.49,5.0,100,4days,Zoro Tools,false,[]
angels71805,https://www.ebay.com/itm/335174027253,10.99,5.0,100,4days,Zoro Tools,false,[]
angels71806,https://www.ebay.com/itm/335203715282,11.65,5.0,100,4days,Zoro Tools,false,[]
angels71807,https://www.ebay.com/itm/386114496098,0,0,0,0days,{listing off},false,[]
